Workbook

Sheet 01_阶段导航
A1: 01｜阶段导航：先看阶段，再看细表
A2: 前四页只负责告诉你“现在在哪一阶段、这一阶段该抓什么”；后面的页再看细化任务。
A4: 阶段 | B4: 时间范围 | C4: 数学 | D4: 英语 | E4: 政治 | F4: 822 | G4: 本阶段验收
A5: 阶段1 | B5: 2026-08 至 2026-11 | C5: 高数基础 + 雅思/考研英语切换 | D5: 雅思冲刺后转考研英语词汇与外刊 | E5: 不主投 | F5: 822入门和基础目录 | G5: 高数基础收口；雅思完成；822入门图谱成型
A6: 阶段2 | B6: 2026-12 至 2027-03 | C6: 高数强化 + 线代 + 660 | D6: 单词三轮、外刊长难句、英二精翻预热 | E6: 不主投 | F6: 822一轮基础完成 | G6: 30讲、1000A、线代、基础题型全部成框架
A7: 阶段3 | B7: 2027-04 至 2027-06 | C7: 高数二次强化 + 1000B + 880 | D7: 英二72篇精翻 | E7: 不主投 | F7: 822二轮基础与过渡 | G7: 36讲、1000B、880、英二精翻72篇完成
A8: 阶段4 | B8: 2027-07 至 2027-09 | C8: 概率 + 真题预热 | D8: 英一阅读 + 作文背默 + 三小门 | E8: 9月启动 | F8: 822专题强化与真题前置 | G8: 概率9讲、英一阅读、政治启动、822专题成型
A9: 阶段5 | B9: 2027-10 至 2027-12 | C9: 真题/模拟/冲刺 | D9: 二刷三刷、作文、单词 | E9: 肖八肖四 | F9: 822真题与冲刺卷 | G9: 真题节奏稳定，考前只看错题与框架

Sheet 03_周阶梯导航
A1: 03｜周阶梯：每周只看本阶段该做什么，不先陷进细节
A2: 更细的周计划保留在 10_详细周阶梯；这里先看每个阶段每周的固定节奏。
A4: 阶段 | B4: 周节奏 | C4: 数学 | D4: 英语 | E4: 政治 | F4: 822 | G4: 周验收 | H4: 适用月份
A5: 阶段1 | B5: 周一高数、周二英语、周三822、周四高数、周五英语、周六套题、周日复盘 | C5: 30讲+1000A基础 | D5: 雅思冲刺/转考研英语 | E5: 不主投 | F5: 822入门 | G5: 本周讲次和错题回看完成 | H5: 2026-08~11
A6: 阶段2 | B6: 周一高数、周二线代、周三英语、周四822、周五高数、周六限时、周日复盘 | C6: 30讲二刷+660+线代 | D6: 单词+外刊+作文占位 | E6: 不主投 | F6: 822一轮基础 | G6: 本周章节和题组清零 | H6: 2026-12~2027-03
A7: 阶段3 | B7: 周一36讲、周二1000B、周三英语、周四822、周五线代、周六综合、周日复盘 | C7: 36讲+1000B+880 | D7: 英二精翻 | E7: 不主投 | F7: 822二轮基础 | G7: 二次强化进度达到周目标 | H7: 2027-04~06
A8: 阶段4 | B8: 周一概率、周二英一、周三822、周四概率、周五英语、周六真题、周日复盘 | C8: 概率9讲+真题预热 | D8: 英一阅读+三小门+作文 | E8: 9月启动 | F8: 822专题强化 | G8: 能按题型回讲义 | H8: 2027-07~09
A9: 阶段5 | B9: 周一真题、周二套卷、周三英语、周四政治、周五822、周六冲刺、周日复盘 | C9: 真题/模拟/冲刺 | D9: 二刷三刷+作文 | E9: 肖八肖四 | F9: 822真题冲刺 | G9: 只看错题和框架 | H9: 2027-10~12

Sheet 04_月度规划总表
A1: 04｜月度规划：每月只抓一条主线，月底看是否越线
A2: 更细的月度任务保留在 11_详细月度规划；这里先给每个月一个“主任务句”。
A4: 月份 | B4: 本月主线 | C4: 月末验收 | D4: 备注
A5: 2026-08~11 | B5: 高数基础 + 雅思/转考研英语 + 822入门 | C5: 高数基础目录打通；雅思完成；822入门成图谱 | D5: 不追求多，先追求准
A6: 2026-12~2027-03 | B6: 高数强化 + 线代 + 英语一轮切换 | C6: 30讲二刷、1000A、线代基础、单词三轮 | D6: 进入更硬的计算与框架阶段
A7: 2027-04~2027-06 | B7: 高数二次强化 + 英二精翻 + 822二轮 | C7: 36讲、1000B、英二72篇、822二轮 | D7: 形成真题前的稳定结构
A8: 2027-07~2027-12 | B8: 概率 + 英一阅读 + 政治 + 真题冲刺 | C8: 概率/英一/政治/822真题全部进入冲刺节奏 | D8: 开始按考试逻辑安排每天

Sheet 05_课表适配
A1: 05｜下学期课表适配（详细）｜课程冲突只调时间，不改主线
A3: 节次/时间 | B3: 周一 | C3: 周二 | D3: 周三 | E3: 周四 | F3: 周五 | G3: 周六 | H3: 周日
A4: 第1-2节 08:00-09:40 | B4: — | C4: — | D4: — | E4: 车辆控制理论A 1-8周 | F4: 车用动力系统原理 10-16周 | G4: 主攻：数学/822 | H4: 周复盘/休息
A5: 第3-5节 10:10-12:40 | B5: 车辆控制理论A 1-8周 流体动力学10-17周 | C5: 电子控制技术1-9周 车用动力10-17周 | D5: 汽车工程学2 1-16周 | E5: 汽车专业英语1-8周 | F5: 科技创业导论1-8周 | G5: 主攻：专业课/数学 | H5: 轻量英语/822
A6: 第6-8节 14:00-16:30 | B6: — | C6: 智能汽车规划与控制1-8周 | D6: 汽车振动基础1-8周 新能源结构10-17周 | E6: — | F6: — | G6: 专题/模考复盘 | H6: 周计划/欠账清理
A7: 第9-10节 17:00-18:30 | B7: — | C7: — | D7: — | E7: 形势与政策10-13周 | F7: — | G7: 18:30健身固定 | H7: 18:30拉伸/散步
A8: 晚间 21:00-22:00 | B8: 单词+复盘 | C8: 单词+口语/错题 | D8: 错题标注+复盘 | E8: 单词+作文 | F8: 周小结+下周缺口 | G8: 周总结 | H8: 仅复盘
A10: 执行原则：课程时间只占用对应格；主攻块优先放在无课的早晨/下午；课程作业不计入考研有效学习；周日只做复盘和恢复。

Sheet 06_周复盘打卡
A1: 06｜周复盘打卡（详细）｜按任务块统计完成率
A2: 填写口径：数学按讲次/题组/套卷计；英语按单词复习、精翻篇数、阅读/作文输出计；822按章节/专题/题组计；政治按刷题批次计。完成率<70%时，下周新内容减20%，先补欠账。
A3: 周次 | B3: 起止日期 | C3: 月份 | D3: 数学计划块 | E3: 英语/雅思计划块 | F3: 政治计划块 | G3: 822计划块 | H3: 实际有效小时 | I3: 健身次数 | J3: 四科完成率 | K3: 主要错因 | L3: 下周调整
A4: 1 | B4: 8/4-8/9 | C4: 2026-08 | D4: 高数基础：30讲第1/3/4讲，1000A对应题；每天错题≥10道，2/6/11先跳过 | E4: 雅思W1：词汇100/日；听音朗读/听英想中/听英写英；精翻阅读2篇/日 | F4: 政治：不安排 | G4: 822入门：反馈结构、传递函数、开环/闭环；做1张结论卡
A5: 2 | B5: 8/10-8/16 | C5: 2026-08 | D5: 高数基础：30讲第5/7/8讲，1000A对应题；回做上周错题≥50道 | E5: 雅思W2：词汇100/日；精翻阅读2篇/日；听力错因分类 | F5: 政治：不安排 | G5: 822入门：时域指标、阶跃响应、稳态误差；基础题2组
A6: 3 | B6: 8/17-8/23 | C6: 2026-08 | D6: 高数基础：30讲第9/10/12讲，1000A对应题；核心计算讲义补薄弱题型 | E6: 雅思W3：Sun听读方法论；阅读定位训练；写作框架初稿 | F6: 政治：不安排 | G6: 822入门：稳定性判据、误差系数；整理易混概念
A7: 4 | B7: 8/24-8/30 | C7: 2026-08 | D7: 高数基础：30讲第13/14/15讲，1000A阶段小测；列出正确率<50%的章 | E7: 雅思W4：口语素材Part1/2；作文框架；1次听读小模考 | F7: 政治：不安排 | G7: 822入门：频域/Bode/Nyquist；建立题型符号表
A8: 5 | B8: 8/31-9/6 | C8: 2026-09 | D8: 高数基础：30讲第16-18讲，1000A对应；核心计算讲义导数/积分计算 | E8: 雅思：听力Section1-2专项；阅读判断/匹配题；词汇复习100% | F8: 政治：不安排 | G8: 822基础：数学模型与方块图化简；题型卡1组
A9: 6 | B9: 9/7-9/13 | C9: 2026-09 | D9: 高数基础：30讲第19-21讲，1000A对应；错题符号标注统一 | E9: 雅思：听力Section3-4专项；阅读长难句精翻；写作Task1框架 | F9: 政治：不安排 | G9: 822基础：时域响应与稳定性；错题标注圆/方/星/三角
A10: 7 | B10: 9/14-9/20 | C10: 2026-09 | D10: 高数基础：30讲第22-25讲，1000A对应；补2/6/11中最必要内容 | E10: 雅思：口语Part2素材库；写作Task2观点库；1套听读限时 | F10: 政治：不安排 | G10: 822基础：根轨迹/频域初步；补讲义例题
A11: 8 | B11: 9/21-9/27 | C11: 2026-09 | D11: 高数基础收口：30讲第26-30讲；统计1000A一刷正确率并分流 | E11: 雅思：完整听读模考1次；作文2篇修改；口语录音复盘2次 | F11: 政治：不安排 | G11: 822基础：串联校正/反馈校正概念；月末小测
A12: 9 | B12: 9/28-10/4 | C12: 2026-10 | D12: 高数基础验收：零基础讲义目录逐项打勾；核心计算讲义第一轮完成 | E12: 雅思冲刺：听读套题2套；作文Task1/Task2各1篇 | F12: 政治：不安排 | G12: 822基础目录验收：传递函数/方块图；课后题第1组
A13: 10 | B13: 10/5-10/11 | C13: 2026-10 | D13: 1000A分流：>50%继续配套题；≤50%回讲义例题与同类题 | E13: 雅思冲刺：口语Part1/2/3全流程；作文修改2轮 | F13: 政治：不安排 | G13: 822基础目录验收：时域/稳定性；课后题第2组
A14: 11 | B14: 10/12-10/18 | C14: 2026-10 | D14: 高数补弱：30讲跳过章节2/6/11回补；每天10道错题+2组计算题 | E14: 雅思冲刺：完整模考1套；Lexi写作反馈；整理高频错词 | F14: 政治：不安排 | G14: 822基础目录验收：频域/校正；课后题第3组
A15: 12 | B15: 10/19-10/25 | C15: 2026-10 | D15: 月末测评：1000A错题重做；确定12月二刷30讲章节清单 | E15: 雅思冲刺：考前复盘；考后立即切回考研单词和外刊长难句 | F15: 政治：不安排 | G15: 822基础总复盘：形成一轮基础缺口清单
... A75: 72 | B75: 12/13-12/19 | C75: 2027-12 | D75: 考前收束：停止开新资料；复盘公式/结论/标注错题；12/18-19初试 | E75: 考前真题：12/13做2018年；停止新题，只看错题/模板 | F75: 考前背诵：肖四主观题框架；政治一日三刷不断 | G75: 822收束：结论卡+草稿规范；12/18-19初试

Sheet 07_执行规则
A1: 07｜执行规则（详细）｜错题、草稿、A4、练字、政治节奏
A3: 模块 | B3: 触发条件 | C3: 具体动作 | D3: 频率 | E3: 记录方式 | F3: 验收标准 | G3: 不要做 | H3: 备注
A4: 数学1000A分流 | B4: 1000A正确率>50% | C4: 继续30讲+1000A同步推进 | D4: 每章 | E4: 题册直接标注 | F4: 章节正确率稳定上升 | G4: 盲目开太多课 | H4: 达不到则先回讲义题
A5: 数学降级规则 | B5: 1000A正确率≤50% | C5: 只做讲义题与例题，先把基本计算打稳 | D5: 即时 | E5: 标注薄弱章 | F5: 下周同类题能独立做出 | G5: 硬刷新题 | H5: 宁可慢一点，不让错因滚雪球
A6: 每日错题 | B6: 每天数学结束前 | C6: 至少回做10道错题或同类错题 | D6: 每日 | E6: 题册符号标记 | F6: 错因能说清 | G6: 单独抄厚错题本 | H6: 好题可扫描归档
A7: A4大法 | B7: 1000A一刷正确率≥60% | C7: 看完讲义后默写框架；铅笔写，黑笔补漏纠错，红笔只标重点 | D7: 每讲约30分钟 | E7: 活页夹/圆环固定 | F7: 能复述二级结论和易错点 | G7: 机械抄书 | H7: 用于题型、结论、易错点
A8: 草稿纸 | B8: 所有计算题/套卷 | C8: 一块一块写，保留思路，不跳步骤 | D8: 每题 | E8: 草稿随卷扫描 | F8: 回看能复盘步骤 | G8: 乱跳、挤写 | H8: 训练考试节奏
A9: 检查机制 | B9: 每题完成后 | C9: 15-40秒检查；全卷后红笔重算计算量大和不确定题 | D9: 每日/每卷 | E9: 红笔留痕 | F9: 低级失误下降 | G9: 做完就丢 | H9: 模拟时按考试时间执行
A10: 套卷归档 | B10: 真题/模拟完成后 | C10: 扫描保存整卷、草稿、批改结果 | D10: 每套 | E10: PDF/图片归档 | F10: 能按题型回查 | G10: 只看分数 | H10: 扣考点练习
A11: 错题符号 | B11: 练习题册标注 | C11: 圆圈=不会；方框=计算错误；五角星=好题；三角形=知识点遗漏 | D11: 即时 | E11: 题册符号 | F11: 一眼看出错误类型 | G11: 重新造复杂体系 | H11: 保持简单稳定
A12: 每日复盘 | B12: 22:00-22:40 | C12: 记录题量、正确率、错因、明日欠账 | D12: 每日 | E12: 06周复盘/简表 | F12: 第二天任务可执行 | G12: 写长篇日记 | H12: 只抓指标
A13: 政治刷题 | B13: 2027年9月后 | C13: 中午后、回宿舍路上、去图书馆路上一日三刷，总计约1h | D13: 每日 | E13: 小程序/720记录 | F13: 选择题稳定 | G13: 过早挤占主科 | H13: 9月前不主投
A14: 英语练字 | B14: 作文准备期 | C14: 衡水体：笔画→单词→句子→段落；政治也练排版 | D14: 每周3-5次 | E14: 样张留存 | F14: 卷面清爽稳定 | G14: 只背不写 | H14: 8月可开始作文背默
... A16: 周复盘 | B16: 每周日 | C16: 四科完成率、正确率、题量、欠账清单；下周新内容按欠账调整 | D16: 每周 | E16: 06周复盘打卡 | F16: 完成率≥80% | G16: 欠账不处理继续加码 | H16: 月度页自动汇总周度页
A18: 补充阈值：以下规则用于决定“继续推进/暂停补弱/进入套卷”。
A19: 科目 | B19: 阶段 | C19: 继续推进条件 | D19: 暂停/降级条件 | E19: 降级动作 | F19: 记录位置 | G19: 复盘频率 | H19: 备注
A20: 数学 | B20: 1000A/讲义阶段 | C20: 1000A正确率>50%；≥60%可启A4 | D20: ≤50%或同类错因连续出现 | E20: 只做讲义题和例题，同类题补5-10道 | F20: 03/06/07 | G20: 每章/每周 | H20: 不要靠刷量掩盖基础断点
A21: 数学 | B21: 真题模拟阶段 | C21: 2020-2026真题均分≥135后再真模替换 | D21: 均分<135或计算错多 | E21: 回讲义/880专题，不开新模拟卷 | F21: 06周复盘 | G21: 每套卷 | H21: 两天一张：做卷+复盘
A22: 英语 | B22: 阅读/精翻阶段 | C22: 精翻有译文、错词、长难句；阅读错因能归类 | D22: 只做题不翻译/不复盘 | E22: 减少新篇数，补精翻和长难句 | F22: 06周复盘 | G22: 每周 | H22: 单词复习任务必须先完成
A23: 英语 | B23: 作文阶段 | C23: 模板能默写；每周至少1篇输出 | D23: 只背不写或字迹失控 | E23: 回到句子/段落练字和扇贝修改 | F23: 06周复盘 | G23: 每周 | H23: 8月开始背默，9月正式输出
A24: 822 | B24: 专题/真题阶段 | C24: 每个模块有结论卡、题型卡、对应错题 | D24: 只会看答案不会独立推导 | E24: 回课本/讲义/240同类题 | F24: 08题型矩阵 | G24: 每周 | H24: 专业课靠题型反应速度
A25: 政治 | B25: 9月后 | C25: 一日三刷总计约1h；选择错题能回知识点 | D25: 挤占数学/822主块 | E25: 只保留路上/饭后碎片刷题 | F25: 06周复盘 | G25: 每日/每周 | H25: 9月前不主投
A26: 总体 | B26: 周复盘 | C26: 四科完成率≥80% | D26: <70% | E26: 下周新内容减20%，先还欠账 | F26: 06周复盘 | G26: 每周日 | H26: 完成率按任务块，不按坐馆时长

Sheet 09_复试附表
A1: 09｜复试准备附表（详细）｜专业综合+英语听说+综合面试
A3: 核对项 | B3: 目前可确认的信息 | C3: 你要准备的内容 | D3: 建议开始时间 | E3: 强度 | F3: 验收标准 | G3: 信息来源 | H3: 重要提醒
A4: 复试专业综合考试 | B4: 车辆与运载学院近年车辆工程/车辆领域目录列出：汽车理论与设计、控制工程基础、应用电子学 | C4: 汽车理论核心章节；控制工程基础（与822衔接）；应用电子学基础概念/典型电路 | D4: 2027年9月起轻量铺垫；初试后集中 | E4: 初试前每周1-2小时；初试后每日2-3小时 | F4: 能完成专业综合题框架，能口头解释核心概念 | G4: 清华车辆与运载学院历年招生目录 | H4: 2027目录可能调整，最终以当年目录/复试细则为准
A5: 英语听说 | B5: 2024车辆与运载学院复试细则写明面试含英语听说测试约2分钟 | C5: 自我介绍；本科课程/项目；报考动机；车辆控制方向英文问答 | D5: 2027年10月起每周1次；初试后每日20-30分钟 | E5: 初试前低强度；初试后集中输出 | F5: 2分钟英文自述不卡顿；能回答常见专业问题 | G5: 车辆与运载学院2024复试录取实施细则 | H5: 面试形式、时长以当年通知为准
A6: 专业知识与综合能力面试 | B6: 近年细则包含教育背景、科研经历、思想状况、学科动态、专业基础、实践能力等 | C6: 个人自述3分钟；项目/课程经历；车辆工程热点；822/控制案例 | D6: 2027年7月开始素材积累；初试后集中 | E6: 能完成3分钟自述+15分钟专业问答模拟 | F6: 自述结构稳定；每个项目能讲清问题-方法-结果 | G6: 车辆与运载学院2024复试录取实施细则 | H6: 不要等出分才第一次整理简历和项目
A7: 材料与流程 | B7: 清华学校层面要求按院系办法执行，复试成绩与初试成绩合计排名录取 | C7: 关注复试名单、资格审查、材料提交、缴费、考场规则 | D7: 2027年2月出分后立即核对；3月按通知执行 | E7: 每周检查官网1次 | F7: 所有材料齐全，节点不漏 | G7: 清华研究生招生网2026复试录取办法 | H7: 复试比例、成绩权重和形式可能变化
A8: 备考优先级 | B8: 复试未必只有笔试，笔试+英语听说+综合面试均可能影响结果 | C8: 专业综合笔试 > 英语听说 > 专业面试素材（按时间倒排） | D8: 初试后第一天建立复试清单 | E8: 初试后总投入约4-6小时/日（若进入复试） | F8: 每周2次笔试模拟+3次英语口语+2次面试模拟 | G8: 把初试资料转为复试表达 | H8: 复试通知发布后立即校准科目与权重
A11: 建议节奏：2027年9月起用少量时间建立汽车理论/应用电子学/复试表达素材；2027年12月19日初试结束后休息2—3天，若进入复试名单或达到预估线，立即切换为复试主线；通常在2—3月按院系通知参加复试。
A13: 初试后周次 | B13: 专业综合笔试 | C13: 英语听说/面试 | D13: 材料与信息
A14: 第1周 | B14: 整理汽车理论、控制、电子学目录；补基础 | C14: 写2分钟自述初稿；录音2次 | D14: 下载官方复试细则；建立材料清单
A15: 第2周 | B15: 按专题做题；每周2次限时45-60分钟 | C15: 每日口语20分钟；专业词汇 | D15: 准备成绩单、简历、项目/获奖证明
A16: 第3-4周 | B16: 真题/模拟题+错题回归；查缺补漏 | C16: 每周3次模拟问答；完善项目表达 | D16: 每周检查车辆学院和研招网通知
A17: 复试前一周 | B17: 只看框架、错题和高频概念，不开新资料 | C17: 自述、项目、英语问答全流程演练 | D17: 确认时间、设备、证件、路线/网络
A19: 来源 | B19: 链接 | C19: 用途 | D19: 时效说明
A20: 车辆与运载学院2024年硕士生复试录取实施细则 | B20: https://www.svm.tsinghua.edu.cn/upload/file/20240318/1710751627911017318.pdf | C20: 确认英语听说与专业综合面试考查维度 | D20: 历史细则，2027需重新核对
A21: 清华大学2026年硕士研究生复试录取办法 | B21: https://yz.tsinghua.edu.cn/info/1024/3192.htm | C21: 确认复试按院系办法、总成绩由初试与复试组成 | D21: 学校层面规则，2027可能更新
A22: 清华历年车辆工程招生目录（专业综合考试内容） | B22: https://yz.tsinghua.edu.cn/__local/E/99/DD/91D50A52DB06D7309088DE51FFA_9CC1EECF_C2DC6.pdf?e=.pdf | C22: 确认汽车理论与设计、控制工程基础、应用电子学这一历史组合 | D22: 旧目录，仅作方向参考

Sheet 99_旧稿归档
A1: 旧稿归档：本页保留早期文本用于追溯，可能包含旧说法（如18讲等）。执行时请以01_总览、03_周阶梯、04_月度规划、08_822矩阵与节点、09_复试准备附表为准。
A4: **数学**
A5: ￼
A7: **高数基础：教材张宇30讲习题（2，6，11可以先不看）1000a 可以不用开强化课，1000a要看正确率50%以上就继续，达不到就只做讲义的题，每天至少做十道错的题，不用错题本，标注就行**
A9: **（强化理论上可以只二刷30讲全部和1000a）**
A11: **线代基础和强化【一个月】：（学习期间与高数时间分配5:1） 基础张宇30讲（不额外做题）。 强化880基础篇（搭配没咋了网课）。同时期高数目标（1，二刷30讲，2二刷1000a错题 3，开高数新题660）**
A13: **高数二次强化【一个月】 张宇强化18讲 习题1000b（ep大雪深埋网课，查漏补缺）1000b做完开高数880（同期线代二刷没咋了线代强化讲义+880综合篇 有余力1000ab（线代）或者李艳芳900）（一刷1000a正确率60以上，可以用a4大法开始【看完讲义，开始默写框架，铅笔，漏的错的用黑笔，红笔不全，一讲30分钟】A4 2.0抄写题型二级结论，易错点，（用活页夹或者圆环固定**
A15: **概率论基础和强化【一个月】 听课张宇** **9讲 强化（880基础篇）**
A17: **真题模拟卷阶段：两天一张 复盘07年纸质套卷开始，第一天限时完成 错误的题上真题网看解析，并加入错题本，导出pdf，或看郭伟老师喻老解析，然后看耐刷王资料，欧几里得看解析（秘密哥）**
A18: **第二天 错的题型回归讲义和习题册，或推进新题，做专题等等**
A19: **模拟卷要等真题20-26均分有135，可以开始真模替换，**
A20: **合工大 李艳芳。。。。 真题和模拟卷轮流刷 同时做完880剩余内容 大雪深埋网课 查漏补缺**
... A69: 口语写作：写作：lexi学姐
C70: 口语：莱斯利
A71: 目标7.0
B72: 听力 | C72: 阅读 | D72: 口语 | E72: 写作 | F72: 总分
A73: 题数 | B73: 33-34 | C73: 33-34
A74: 分数 | B74: 7.5 | C74: 7.5 | D74: 6.5 | E74: 6.5
A75: 第一二周：基础词汇积累 （1，听音频后朗读；2，听英文想中文；3，听英文写英文）每天背诵100个，精翻两篇阅读
A76: 第三四周：听力阅读方法论学习，作文学习框架，口语准备素材
A77: 第五到七周：刷题冲刺
A78: 第八周，准备复盘（以上计划可以扩展到十一月，十一月去考）

Sheet 02_每日时间表
A1: 02｜每日时间表：固定作息不变，内容随阶段切换
A2: 起床 07:00，睡觉 23:00，健身 18:30-20:30 固定不动；日内只换内容，不换底层结构。
A4: 时间段 | B4: 固定动作 | C4: 阶段1 2026-08~11 | D4: 阶段2 2026-12~2027-03 | E4: 阶段3 2027-04~06 | F4: 阶段4 2027-07~09 | G4: 阶段5 2027-10~12 | H4: 执行口径 | I4: 备注1 | J4: 备注2
A5: 07:00-09:30 | B5: 早读/主攻块1 | C5: 单词复习 + 高数基础 | D5: 高数强化 + 线代 | E5: 高数二强/880 | F5: 概率 + 真题预热 | G5: 真题/套卷 | H5: 先完成复习任务再开新内容 | I5: 固定
A6: 09:45-11:15 | B6: 主攻块2 | C6: 822入门/数学错题 | D6: 822一轮/线代错题 | E6: 822二轮 + 英二精翻 | F6: 822专题 + 英一阅读 | G6: 822真题/冲刺卷 | H6: 上午优先最硬的任务 | I6: 固定
A7: 13:30-15:00 | B7: 主攻块3 | C7: 雅思阅读/作文/长难句 | D7: 考研英语单词/外刊 | E7: 英二精翻 | F7: 英一阅读 + 作文 | G7: 套卷/作文 | H7: 午后做输出型任务 | I7: 固定
A8: 15:15-16:45 | B8: 主攻块4 | C8: 822 + 数学补弱 | D8: 线代/660/错题 | E8: 数学880 + A4 | F8: 政治碎片化预热 | G8: 政治/英语错题 | H8: 只做本阶段主线里的第二优先级 | I8: 固定
A9: 21:00-22:00 | B9: 夜间收束 | C9: 复盘 + 记错因 | D9: 复盘 + 记错因 | E9: 复盘 + 记错因 | F9: 政治/英语/822复盘 | G9: 政治/英语/822复盘 | H9: 晚上只做整理和回看，不开重任务 | I9: 固定

Sheet 08_822题型矩阵
A1: 08｜822矩阵与节点（详细）｜题型矩阵+官网节点
A3: 模块 | B3: 核心概念 | C3: 典型题型 | D3: 训练材料 | E3: 周训练动作 | F3: 掌握标准 | G3: 常见错因 | H3: 对应阶段
A4: 系统建模/反馈结构 | B4: 传递函数、方块图、开闭环、等效变换 | C4: 方块图化简、传递函数求取、系统模型建立 | D4: 教材+讲义+240基础题 | E4: 每周至少1次结论卡复述 | F4: 能不看答案画出结构并写出传递函数 | G4: 符号方向错、反馈正负号错 | H4: 2026-08入门→2026-12一轮→2027-04收口
A5: 时域分析 | B5: 阶跃响应、超调量、调节时间、稳态误差 | C5: 二阶系统指标计算、误差系数题 | D5: 讲义题+240+真题 | E5: 限时做2组计算题 | F5: 指标公式能直接调用且草稿不跳步 | G5: 公式混淆、单位/系数漏写 | H5: 基础一轮/二轮
A6: 稳定性 | B6: Routh、Nyquist稳定判据、根轨迹稳定区间 | C6: 判稳、参数范围、临界稳定 | D6: 课本例题+240+真题 | E6: 每周归档1类参数题 | F6: 能说明判据选择理由 | G6: 条件漏写、边界点处理错 | H6: 2026-09入门→2027-02一轮→真题阶段
A7: 频域分析 | B7: Bode、Nyquist、裕度、开环频率特性 | C7: 幅相曲线、稳定裕度、频域指标 | D7: 讲义+240+真题 | E7: 画图题保留步骤并扫描 | F7: 能从图读指标并反推系统性质 | G7: 相位/穿越频率读错 | H7: 2026-08至2027-09
A8: 根轨迹 | B8: 根轨迹规则、渐近线、分离点、参数变化 | C8: 画根轨迹、判断动态性能、参数设计 | D8: 课本+芝麻研行专题 | E8: 每周至少1题完整画图 | F8: 能按规则完整作图 | G8: 漏渐近线/出射角/交点 | H8: 2026-09入门→2027-02一轮→2027-07专题
A9: 校正与综合设计 | B9: 串联校正、反馈校正、性能指标约束 | C9: 校正网络设计、综合分析题 | D9: 芝麻研行+100题+真题 | E9: 按“指标→方案→验证”写步骤 | F9: 能解释为什么选该校正方式 | G9: 只套公式不检查指标 | H9: 2026-11概念→2027-02一轮→2027-07专题→真题
A10: 状态空间/现代控制入口 | B10: 状态方程、能控能观、矩阵表示 | C10: 状态模型建立、能控能观判断 | D10: 教材+讲义+其他校题少量 | E10: 每周1组定义题/计算题 | F10: 定义清楚，计算步骤完整 | G10: 矩阵维度错、符号漏项 | H10: 按当年822范围调整
A11: 真题/大套卷 | B11: 清华题型、结论、计算与书写规范 | C11: 整套卷、历年题型归类、冲刺卷 | D11: 真题+大套卷+冲刺卷 | E11: 两天一套：限时+复盘 | F11: 能把错题回到矩阵模块 | G11: 只看答案、不回课本 | H11: 2027-09至考前
A12: 跨校补题 | B12: 只补清华相似题型，不偏航 | C12: 其他学校控制题选做 | D12: 其他学校题+100题 | E12: 每周最多1组 | F12: 补漏洞而不是扩资料 | G12: 资料膨胀 | H12: 2027-10以后
A14: 官网节点与阶段阈值：用于防止复试/报名/信息更新被忽略。
A16: 时间 | B16: 检查事项 | C16: 具体动作 | D16: 触发条件 | E16: 计划调整 | F16: 记录位置 | G16: 风险 | H16: 提醒
A17: 2026-09至10 | B17: 当年招生目录/专业课说明 | C17: 核对822、车辆学院方向、报名条件 | D17: 官方目录发布后 | E17: 若科目变动，立即改03/08 | F17: 08/09 | G17: 旧资料失效 | H17: 以研招网和车辆学院官网为准
A18: 2026-11至12 | B18: 报名/确认/准考证类节点 | C18: 建立行政清单：报名、确认、缴费、准考证 | D18: 研招网通知 | E18: 不占主块，只用碎片时间核对 | F18: 08 | G18: 错过流程 | H18: 每周一次官网核对
A19: 2027-03 | B19: 芝麻研行/专业课资料 | C19: 3月可购买并核对目录 | D19: 资料更新 | E19: 822一轮与专题矩阵对齐 | F19: 08 | G19: 资料太多 | H19: 只买与822强相关资料
A20: 2027-09 | B20: 2028届招生目录预计更新窗口 | C20: 重新核对专业课822、复试专业综合科目 | D20: 新目录发布 | E20: 若科目变化，优先改09复试附表 | F20: 09 | G20: 复试科目滞后 | H20: 不等到初试后再第一次看
A21: 2027-12-19后 | B21: 复试切换 | C21: 休息2-3天后建立复试清单 | D21: 估分接近线/过线概率高 | E21: 每天4-6h转复试 | F21: 09 | G21: 初试后空窗 | H21: 先准备汽车理论/电子学/英语自述
A22: 2028-02 | B22: 初试成绩/复试线/复试名单 | C22: 每天核对研招网与车辆学院官网 | D22: 成绩发布后 | E22: 进入复试冲刺 | F22: 09 | G22: 材料节点漏掉 | H22: 所有材料建文件夹
A23: 2028-03 | B23: 复试实施细则 | C23: 核对笔试科目、面试形式、权重、时间地点 | D23: 院系通知发布 | E23: 若与旧表冲突，以官网为准 | F23: 09 | G23: 旧规则误导 | H23: 复试前一周只演练流程
A24: 任何阶段 | B24: 计划失真 | C24: 周完成率<70%或连续两周欠账 | D24: 低完成率 | E24: 下周新内容减20% | F24: 06 | G24: 计划膨胀 | H24: 先补欠账再加资料
A25: 任何阶段 | B25: 资料冲突 | C25: 文本框最新大纲 > 03周度页 > 旧稿/网络经验 | D25: 信息冲突 | E25: 只保留一条主线 | F25: 01/03 | G25: 多头规划 | H25: 旧总体规划仅归档

Sheet 10_详细周计划
A1: 10｜详细周阶梯（备查版） | B1: 10｜详细周阶梯（备查版） | C1: 10｜详细周阶梯（备查版） | D1: 10｜详细周阶梯（备查版） | E1: 10｜详细周阶梯（备查版） | F1: 10｜详细周阶梯（备查版） | G1: 10｜详细周阶梯（备查版） | H1: 10｜详细周阶梯（备查版）
A2: 使用原则：本页是唯一周度主线；如果课程/雅思/突发任务冲突，只压缩轻任务，不擅自跳过数学错题、822结论卡、英语复习任务。
A3: 月份 | B3: 周次 | C3: 准确日期/周重点 | D3: 数学一 | E3: 英语/雅思 | F3: 政治 | G3: 822控制工程 | H3: 周验收口径 | I3: 建议有效学习h/日 | J3: 状态
A4: 2026-08 | B4: 第1周 | C4: 8/4-8/9｜推进周 | D4: 高数基础：30讲第1/3/4讲，1000A对应题；每天错题≥10道，2/6/11先跳过 | E4: 雅思W1：词汇100/日；听音朗读/听英想中/听英写英；精翻阅读2篇/日 | F4: 政治：不安排 | G4: 822入门：反馈结构、传递函数、开环/闭环；做1张结论卡 | H4: 周验收：高数完成指定讲次+错题≥70道；雅思词汇复习100%；822完成1组结论卡 | I4: 6 | J4: 未开始
A5: 2026-08 | B5: 第2周 | C5: 8/10-8/16｜推进周 | D5: 高数基础：30讲第5/7/8讲，1000A对应题；回做上周错题≥50道 | E5: 雅思W2：词汇100/日；精翻阅读2篇/日；听力错因分类 | F5: 政治：不安排 | G5: 822入门：时域指标、阶跃响应、稳态误差；基础题2组 | H5: 周验收：高数完成指定讲次+错题≥70道；雅思词汇复习100%；822完成1组结论卡 | I5: 6 | J5: 未开始
A6: 2026-08 | B6: 第3周 | C6: 8/17-8/23｜推进周 | D6: 高数基础：30讲第9/10/12讲，1000A对应题；核心计算讲义补薄弱题型 | E6: 雅思W3：Sun听读方法论；阅读定位训练；写作框架初稿 | F6: 政治：不安排 | G6: 822入门：稳定性判据、误差系数；整理易混概念 | H6: 周验收：高数完成指定讲次+错题≥70道；雅思词汇复习100%；822完成1组结论卡 | I6: 6 | J6: 未开始
A7: 2026-08 | B7: 第4周 | C7: 8/24-8/30｜月度收口/复盘 | D7: 高数基础：30讲第13/14/15讲，1000A阶段小测；列出正确率<50%的章 | E7: 雅思W4：口语素材Part1/2；作文框架；1次听读小模考 | F7: 政治：不安排 | G7: 822入门：频域/Bode/Nyquist；建立题型符号表 | H7: 周验收：高数完成指定讲次+错题≥70道；雅思词汇复习100%；822完成1组结论卡 | I7: 6 | J7: 未开始
A8: 2026-09 | B8: 第1周 | C8: 8/31-9/6｜推进周 | D8: 高数基础：30讲第16-18讲，1000A对应；核心计算讲义导数/积分计算 | E8: 雅思：听力Section1-2专项；阅读判断/匹配题；词汇复习100% | F8: 政治：不安排 | G8: 822基础：数学模型与方块图化简；题型卡1组 | H8: 周验收：高数完成指定讲次+错题≥70道；雅思词汇复习100%；822完成1组结论卡 | I8: 6 | J8: 未开始
A9: 2026-09 | B9: 第2周 | C9: 9/7-9/13｜推进周 | D9: 高数基础：30讲第19-21讲，1000A对应；错题符号标注统一 | E9: 雅思：听力Section3-4专项；阅读长难句精翻；写作Task1框架 | F9: 政治：不安排 | G9: 822基础：时域响应与稳定性；错题标注圆/方/星/三角 | H9: 周验收：高数完成指定讲次+错题≥70道；雅思词汇复习100%；822完成1组结论卡 | I9: 6 | J9: 未开始
A10: 2026-09 | B10: 第3周 | C10: 9/14-9/20｜推进周 | D10: 高数基础：30讲第22-25讲，1000A对应；补2/6/11中最必要内容 | E10: 雅思：口语Part2素材库；写作Task2观点库；1套听读限时 | F10: 政治：不安排 | G10: 822基础：根轨迹/频域初步；补讲义例题 | H10: 周验收：高数完成指定讲次+错题≥70道；雅思词汇复习100%；822完成1组结论卡 | I10: 6 | J10: 未开始
A11: 2026-09 | B11: 第4周 | C11: 9/21-9/27｜月度收口/复盘 | D11: 高数基础收口：30讲第26-30讲；统计1000A一刷正确率并分流；正确率≥60%立即启动A4大法 | E11: 雅思：完整听读模考1次；作文2篇修改；口语录音复盘2次 | F11: 政治：不安排 | G11: 822基础：串联校正/反馈校正概念；月末小测 | H11: 周验收：高数完成指定讲次+错题≥70道；雅思词汇复习100%；822完成1组结论卡 | I11: 6 | J11: 未开始
A12: 2026-10 | B12: 第1周 | C12: 9/28-10/4｜推进周 | D12: 高数基础验收：零基础讲义目录逐项打勾；核心计算讲义第一轮完成 | E12: 雅思冲刺：听读套题2套；作文Task1/Task2各1篇 | F12: 政治：不安排 | G12: 822基础目录验收：传递函数/方块图；课后题第1组 | H12: 周验收：高数完成指定讲次+错题≥70道；雅思词汇复习100%；822完成1组结论卡 | I12: 6 | J12: 未开始
A13: 2026-10 | B13: 第2周 | C13: 10/5-10/11｜推进周 | D13: 1000A错题回做：按9月底分流结果执行，正确率≤50%章节只回讲义 | E13: 雅思冲刺：口语Part1/2/3全流程；作文修改2轮 | F13: 政治：不安排 | G13: 822基础目录验收：时域/稳定性；课后题第2组 | H13: 周验收：高数完成指定讲次+错题≥70道；雅思词汇复习100%；822完成1组结论卡 | I13: 6 | J13: 未开始
A14: 2026-10 | B14: 第3周 | C14: 10/12-10/18｜推进周 | D14: 高数补弱：30讲跳过章节2/6/11回补；每天10道错题+2组计算题 | E14: 雅思冲刺：完整模考1套；Lexi写作反馈；整理高频错词 | F14: 政治：不安排 | G14: 822基础目录验收：频域/校正；课后题第3组 | H14: 周验收：高数完成指定讲次+错题≥70道；雅思词汇复习100%；822完成1组结论卡 | I14: 6 | J14: 未开始
A15: 2026-10 | B15: 第4周 | C15: 10/19-10/25｜月度收口/复盘 | D15: 月末测评：1000A错题重做；确定12月二刷30讲章节清单 | E15: 雅思冲刺：考前复盘；考后立即切回考研单词和外刊长难句 | F15: 政治：不安排 | G15: 822基础总复盘：形成一轮基础缺口清单 | H15: 周验收：高数完成指定讲次+错题≥70道；雅思词汇复习100%；822完成1组结论卡 | I15: 6 | J15: 未开始
... A75: 2027-12 | B75: 第3周 | C75: 12/13-12/19｜月度收口/复盘 | D75: 考前收束：停止开新资料；复盘公式/结论/标注错题；12/18-19初试 | E75: 考前真题：12/13做2026年；停止新题，只看错题/模板 | F75: 考前背诵：肖四主观题框架；政治一日三刷不断 | G75: 822收束：结论卡+草稿规范；12/18-19初试 | H75: 周验收：套卷按时完成并扫描；错题回讲义/课本；四科完成率≥80% | I75: 8 | J75: 未开始

Sheet 11_详细月计划
A1: 11｜详细月度规划（备查版） | B1: 11｜详细月度规划（备查版） | C1: 11｜详细月度规划（备查版） | D1: 11｜详细月度规划（备查版） | E1: 11｜详细月度规划（备查版） | F1: 11｜详细月度规划（备查版） | G1: 11｜详细月度规划（备查版） | H1: 11｜详细月度规划（备查版）
A2: 改周计划时只改03页；本页会同步显示每月四科任务堆叠，用来月初检查强度、月底验收欠账。
A3: 月份 | B3: 执行周与日期 | C3: 数学一：当月周任务总和 | D3: 英语/雅思：当月周任务总和 | E3: 政治：当月周任务总和 | F3: 822：当月周任务总和 | G3: 月末验收 | H3: 计划工作量
A4: 2026-08 | B4: ="第1周："&'10_详细周计划'!C4&CHAR(10)&"第2周："&'10_详细周计划'!C5&CHAR(10)&"第3周："&'10_详细周计划'!C6&CHAR(10)&"第4周："&'10_详细周计划'!C7 | C4: ="第1周："&'10_详细周计划'!D4&CHAR(10)&"第2周："&'10_详细周计划'!D5&CHAR(10)&"第3周："&'10_详细周计划'!D6&CHAR(10)&"第4周："&'10_详细周计划'!D7 | D4: ="第1周："&'10_详细周计划'!E4&CHAR(10)&"第2周："&'10_详细周计划'!E5&CHAR(10)&"第3周："&'10_详细周计划'!E6&CHAR(10)&"第4周："&'10_详细周计划'!E7 | E4: ="第1周："&'10_详细周计划'!F4&CHAR(10)&"第2周："&'10_详细周计划'!F5&CHAR(10)&"第3周："&'10_详细周计划'!F6&CHAR(10)&"第4周："&'10_详细周计划'!F7 | F4: ="第1周："&'10_详细周计划'!G4&CHAR(10)&"第2周："&'10_详细周计划'!G5&CHAR(10)&"第3周："&'10_详细周计划'!G6&CHAR(10)&"第4周："&'10_详细周计划'!G7 | G4: ="第1周："&'10_详细周计划'!H4&CHAR(10)&"第2周："&'10_详细周计划'!H5&CHAR(10)&"第3周："&'10_详细周计划'!H6&CHAR(10)&"第4周："&'10_详细周计划'!H7 | H4: ="共"&4&"周；日均"&ROUND(AVERAGE('10_详细周计划'!I4:I7),1)&"h；周总有效学习约"&ROUND(SUM('10_详细周计划'!I4:I7)*7,0)&"h"
A5: 2026-09 | B5: ="第1周："&'10_详细周计划'!C8&CHAR(10)&"第2周："&'10_详细周计划'!C9&CHAR(10)&"第3周："&'10_详细周计划'!C10&CHAR(10)&"第4周："&'10_详细周计划'!C11 | C5: ="第1周："&'10_详细周计划'!D8&CHAR(10)&"第2周："&'10_详细周计划'!D9&CHAR(10)&"第3周："&'10_详细周计划'!D10&CHAR(10)&"第4周："&'10_详细周计划'!D11 | D5: ="第1周："&'10_详细周计划'!E8&CHAR(10)&"第2周："&'10_详细周计划'!E9&CHAR(10)&"第3周："&'10_详细周计划'!E10&CHAR(10)&"第4周："&'10_详细周计划'!E11 | E5: ="第1周："&'10_详细周计划'!F8&CHAR(10)&"第2周："&'10_详细周计划'!F9&CHAR(10)&"第3周："&'10_详细周计划'!F10&CHAR(10)&"第4周："&'10_详细周计划'!F11 | F5: ="第1周："&'10_详细周计划'!G8&CHAR(10)&"第2周："&'10_详细周计划'!G9&CHAR(10)&"第3周："&'10_详细周计划'!G10&CHAR(10)&"第4周："&'10_详细周计划'!G11 | G5: ="第1周："&'10_详细周计划'!H8&CHAR(10)&"第2周："&'10_详细周计划'!H9&CHAR(10)&"第3周："&'10_详细周计划'!H10&CHAR(10)&"第4周："&'10_详细周计划'!H11 | H5: ="共"&4&"周；日均"&ROUND(AVERAGE('10_详细周计划'!I8:I11),1)&"h；周总有效学习约"&ROUND(SUM('10_详细周计划'!I8:I11)*7,0)&"h"
A6: 2026-10 | B6: ="第1周："&'10_详细周计划'!C12&CHAR(10)&"第2周："&'10_详细周计划'!C13&CHAR(10)&"第3周："&'10_详细周计划'!C14&CHAR(10)&"第4周："&'10_详细周计划'!C15 | C6: ="第1周："&'10_详细周计划'!D12&CHAR(10)&"第2周："&'10_详细周计划'!D13&CHAR(10)&"第3周："&'10_详细周计划'!D14&CHAR(10)&"第4周："&'10_详细周计划'!D15 | D6: ="第1周："&'10_详细周计划'!E12&CHAR(10)&"第2周："&'10_详细周计划'!E13&CHAR(10)&"第3周："&'10_详细周计划'!E14&CHAR(10)&"第4周："&'10_详细周计划'!E15 | E6: ="第1周："&'10_详细周计划'!F12&CHAR(10)&"第2周："&'10_详细周计划'!F13&CHAR(10)&"第3周："&'10_详细周计划'!F14&CHAR(10)&"第4周："&'10_详细周计划'!F15 | F6: ="第1周："&'10_详细周计划'!G12&CHAR(10)&"第2周："&'10_详细周计划'!G13&CHAR(10)&"第3周："&'10_详细周计划'!G14&CHAR(10)&"第4周："&'10_详细周计划'!G15 | G6: ="第1周："&'10_详细周计划'!H12&CHAR(10)&"第2周："&'10_详细周计划'!H13&CHAR(10)&"第3周："&'10_详细周计划'!H14&CHAR(10)&"第4周："&'10_详细周计划'!H15 | H6: ="共"&4&"周；日均"&ROUND(AVERAGE('10_详细周计划'!I12:I15),1)&"h；周总有效学习约"&ROUND(SUM('10_详细周计划'!I12:I15)*7,0)&"h"
A7: 2026-11 | B7: ="第1周："&'10_详细周计划'!C16&CHAR(10)&"第2周："&'10_详细周计划'!C17&CHAR(10)&"第3周："&'10_详细周计划'!C18&CHAR(10)&"第4周："&'10_详细周计划'!C19&CHAR(10)&"第5周："&'10_详细周计划'!C20 | C7: ="第1周："&'10_详细周计划'!D16&CHAR(10)&"第2周："&'10_详细周计划'!D17&CHAR(10)&"第3周："&'10_详细周计划'!D18&CHAR(10)&"第4周："&'10_详细周计划'!D19&CHAR(10)&"第5周："&'10_详细周计划'!D20 | D7: ="第1周："&'10_详细周计划'!E16&CHAR(10)&"第2周："&'10_详细周计划'!E17&CHAR(10)&"第3周："&'10_详细周计划'!E18&CHAR(10)&"第4周："&'10_详细周计划'!E19&CHAR(10)&"第5周："&'10_详细周计划'!E20 | E7: ="第1周："&'10_详细周计划'!F16&CHAR(10)&"第2周："&'10_详细周计划'!F17&CHAR(10)&"第3周："&'10_详细周计划'!F18&CHAR(10)&"第4周："&'10_详细周计划'!F19&CHAR(10)&"第5周："&'10_详细周计划'!F20 | F7: ="第1周："&'10_详细周计划'!G16&CHAR(10)&"第2周："&'10_详细周计划'!G17&CHAR(10)&"第3周："&'10_详细周计划'!G18&CHAR(10)&"第4周："&'10_详细周计划'!G19&CHAR(10)&"第5周："&'10_详细周计划'!G20 | G7: ="第1周："&'10_详细周计划'!H16&CHAR(10)&"第2周："&'10_详细周计划'!H17&CHAR(10)&"第3周："&'10_详细周计划'!H18&CHAR(10)&"第4周："&'10_详细周计划'!H19&CHAR(10)&"第5周："&'10_详细周计划'!H20 | H7: ="共"&5&"周；日均"&ROUND(AVERAGE('10_详细周计划'!I16:I20),1)&"h；周总有效学习约"&ROUND(SUM('10_详细周计划'!I16:I20)*7,0)&"h"
A8: 2026-12 | B8: ="第1周："&'10_详细周计划'!C21&CHAR(10)&"第2周："&'10_详细周计划'!C22&CHAR(10)&"第3周："&'10_详细周计划'!C23&CHAR(10)&"第4周："&'10_详细周计划'!C24 | C8: ="第1周："&'10_详细周计划'!D21&CHAR(10)&"第2周："&'10_详细周计划'!D22&CHAR(10)&"第3周："&'10_详细周计划'!D23&CHAR(10)&"第4周："&'10_详细周计划'!D24 | D8: ="第1周："&'10_详细周计划'!E21&CHAR(10)&"第2周："&'10_详细周计划'!E22&CHAR(10)&"第3周："&'10_详细周计划'!E23&CHAR(10)&"第4周："&'10_详细周计划'!E24 | E8: ="第1周："&'10_详细周计划'!F21&CHAR(10)&"第2周："&'10_详细周计划'!F22&CHAR(10)&"第3周："&'10_详细周计划'!F23&CHAR(10)&"第4周："&'10_详细周计划'!F24 | F8: ="第1周："&'10_详细周计划'!G21&CHAR(10)&"第2周："&'10_详细周计划'!G22&CHAR(10)&"第3周："&'10_详细周计划'!G23&CHAR(10)&"第4周："&'10_详细周计划'!G24 | G8: ="第1周："&'10_详细周计划'!H21&CHAR(10)&"第2周："&'10_详细周计划'!H22&CHAR(10)&"第3周："&'10_详细周计划'!H23&CHAR(10)&"第4周："&'10_详细周计划'!H24 | H8: ="共"&4&"周；日均"&ROUND(AVERAGE('10_详细周计划'!I21:I24),1)&"h；周总有效学习约"&ROUND(SUM('10_详细周计划'!I21:I24)*7,0)&"h"
A9: 2027-01 | B9: ="第1周："&'10_详细周计划'!C25&CHAR(10)&"第2周："&'10_详细周计划'!C26&CHAR(10)&"第3周："&'10_详细周计划'!C27&CHAR(10)&"第4周："&'10_详细周计划'!C28&CHAR(10)&"第5周："&'10_详细周计划'!C29 | C9: ="第1周："&'10_详细周计划'!D25&CHAR(10)&"第2周："&'10_详细周计划'!D26&CHAR(10)&"第3周："&'10_详细周计划'!D27&CHAR(10)&"第4周："&'10_详细周计划'!D28&CHAR(10)&"第5周："&'10_详细周计划'!D29 | D9: ="第1周："&'10_详细周计划'!E25&CHAR(10)&"第2周："&'10_详细周计划'!E26&CHAR(10)&"第3周："&'10_详细周计划'!E27&CHAR(10)&"第4周："&'10_详细周计划'!E28&CHAR(10)&"第5周："&'10_详细周计划'!E29 | E9: ="第1周："&'10_详细周计划'!F25&CHAR(10)&"第2周："&'10_详细周计划'!F26&CHAR(10)&"第3周："&'10_详细周计划'!F27&CHAR(10)&"第4周："&'10_详细周计划'!F28&CHAR(10)&"第5周："&'10_详细周计划'!F29 | F9: ="第1周："&'10_详细周计划'!G25&CHAR(10)&"第2周："&'10_详细周计划'!G26&CHAR(10)&"第3周："&'10_详细周计划'!G27&CHAR(10)&"第4周："&'10_详细周计划'!G28&CHAR(10)&"第5周："&'10_详细周计划'!G29 | G9: ="第1周："&'10_详细周计划'!H25&CHAR(10)&"第2周："&'10_详细周计划'!H26&CHAR(10)&"第3周："&'10_详细周计划'!H27&CHAR(10)&"第4周："&'10_详细周计划'!H28&CHAR(10)&"第5周："&'10_详细周计划'!H29 | H9: ="共"&5&"周；日均"&ROUND(AVERAGE('10_详细周计划'!I25:I29),1)&"h；周总有效学习约"&ROUND(SUM('10_详细周计划'!I25:I29)*7,0)&"h"
A10: 2027-02 | B10: ="第1周："&'10_详细周计划'!C30&CHAR(10)&"第2周："&'10_详细周计划'!C31&CHAR(10)&"第3周："&'10_详细周计划'!C32&CHAR(10)&"第4周："&'10_详细周计划'!C33 | C10: ="第1周："&'10_详细周计划'!D30&CHAR(10)&"第2周："&'10_详细周计划'!D31&CHAR(10)&"第3周："&'10_详细周计划'!D32&CHAR(10)&"第4周："&'10_详细周计划'!D33 | D10: ="第1周："&'10_详细周计划'!E30&CHAR(10)&"第2周："&'10_详细周计划'!E31&CHAR(10)&"第3周："&'10_详细周计划'!E32&CHAR(10)&"第4周："&'10_详细周计划'!E33 | E10: ="第1周："&'10_详细周计划'!F30&CHAR(10)&"第2周："&'10_详细周计划'!F31&CHAR(10)&"第3周："&'10_详细周计划'!F32&CHAR(10)&"第4周："&'10_详细周计划'!F33 | F10: ="第1周："&'10_详细周计划'!G30&CHAR(10)&"第2周："&'10_详细周计划'!G31&CHAR(10)&"第3周："&'10_详细周计划'!G32&CHAR(10)&"第4周："&'10_详细周计划'!G33 | G10: ="第1周："&'10_详细周计划'!H30&CHAR(10)&"第2周："&'10_详细周计划'!H31&CHAR(10)&"第3周："&'10_详细周计划'!H32&CHAR(10)&"第4周："&'10_详细周计划'!H33 | H10: ="共"&4&"周；日均"&ROUND(AVERAGE('10_详细周计划'!I30:I33),1)&"h；周总有效学习约"&ROUND(SUM('10_详细周计划'!I30:I33)*7,0)&"h"
A11: 2027-03 | B11: ="第1周："&'10_详细周计划'!C34&CHAR(10)&"第2周："&'10_详细周计划'!C35&CHAR(10)&"第3周："&'10_详细周计划'!C36&CHAR(10)&"第4周："&'10_详细周计划'!C37 | C11: ="第1周："&'10_详细周计划'!D34&CHAR(10)&"第2周："&'10_详细周计划'!D35&CHAR(10)&"第3周："&'10_详细周计划'!D36&CHAR(10)&"第4周："&'10_详细周计划'!D37 | D11: ="第1周："&'10_详细周计划'!E34&CHAR(10)&"第2周："&'10_详细周计划'!E35&CHAR(10)&"第3周："&'10_详细周计划'!E36&CHAR(10)&"第4周："&'10_详细周计划'!E37 | E11: ="第1周："&'10_详细周计划'!F34&CHAR(10)&"第2周："&'10_详细周计划'!F35&CHAR(10)&"第3周："&'10_详细周计划'!F36&CHAR(10)&"第4周："&'10_详细周计划'!F37 | F11: ="第1周："&'10_详细周计划'!G34&CHAR(10)&"第2周："&'10_详细周计划'!G35&CHAR(10)&"第3周："&'10_详细周计划'!G36&CHAR(10)&"第4周："&'10_详细周计划'!G37 | G11: ="第1周："&'10_详细周计划'!H34&CHAR(10)&"第2周："&'10_详细周计划'!H35&CHAR(10)&"第3周："&'10_详细周计划'!H36&CHAR(10)&"第4周："&'10_详细周计划'!H37 | H11: ="共"&4&"周；日均"&ROUND(AVERAGE('10_详细周计划'!I34:I37),1)&"h；周总有效学习约"&ROUND(SUM('10_详细周计划'!I34:I37)*7,0)&"h"
A12: 2027-04 | B12: ="第1周："&'10_详细周计划'!C38&CHAR(10)&"第2周："&'10_详细周计划'!C39&CHAR(10)&"第3周："&'10_详细周计划'!C40&CHAR(10)&"第4周："&'10_详细周计划'!C41 | C12: ="第1周："&'10_详细周计划'!D38&CHAR(10)&"第2周："&'10_详细周计划'!D39&CHAR(10)&"第3周："&'10_详细周计划'!D40&CHAR(10)&"第4周："&'10_详细周计划'!D41 | D12: ="第1周："&'10_详细周计划'!E38&CHAR(10)&"第2周："&'10_详细周计划'!E39&CHAR(10)&"第3周："&'10_详细周计划'!E40&CHAR(10)&"第4周："&'10_详细周计划'!E41 | E12: ="第1周："&'10_详细周计划'!F38&CHAR(10)&"第2周："&'10_详细周计划'!F39&CHAR(10)&"第3周："&'10_详细周计划'!F40&CHAR(10)&"第4周："&'10_详细周计划'!F41 | F12: ="第1周："&'10_详细周计划'!G38&CHAR(10)&"第2周："&'10_详细周计划'!G39&CHAR(10)&"第3周："&'10_详细周计划'!G40&CHAR(10)&"第4周："&'10_详细周计划'!G41 | G12: ="第1周："&'10_详细周计划'!H38&CHAR(10)&"第2周："&'10_详细周计划'!H39&CHAR(10)&"第3周："&'10_详细周计划'!H40&CHAR(10)&"第4周："&'10_详细周计划'!H41 | H12: ="共"&4&"周；日均"&ROUND(AVERAGE('10_详细周计划'!I38:I41),1)&"h；周总有效学习约"&ROUND(SUM('10_详细周计划'!I38:I41)*7,0)&"h"
A13: 2027-05 | B13: ="第1周："&'10_详细周计划'!C42&CHAR(10)&"第2周："&'10_详细周计划'!C43&CHAR(10)&"第3周："&'10_详细周计划'!C44&CHAR(10)&"第4周："&'10_详细周计划'!C45&CHAR(10)&"第5周："&'10_详细周计划'!C46 | C13: ="第1周："&'10_详细周计划'!D42&CHAR(10)&"第2周："&'10_详细周计划'!D43&CHAR(10)&"第3周："&'10_详细周计划'!D44&CHAR(10)&"第4周："&'10_详细周计划'!D45&CHAR(10)&"第5周："&'10_详细周计划'!D46 | D13: ="第1周："&'10_详细周计划'!E42&CHAR(10)&"第2周："&'10_详细周计划'!E43&CHAR(10)&"第3周："&'10_详细周计划'!E44&CHAR(10)&"第4周："&'10_详细周计划'!E45&CHAR(10)&"第5周："&'10_详细周计划'!E46 | E13: ="第1周："&'10_详细周计划'!F42&CHAR(10)&"第2周："&'10_详细周计划'!F43&CHAR(10)&"第3周："&'10_详细周计划'!F44&CHAR(10)&"第4周："&'10_详细周计划'!F45&CHAR(10)&"第5周："&'10_详细周计划'!F46 | F13: ="第1周："&'10_详细周计划'!G42&CHAR(10)&"第2周："&'10_详细周计划'!G43&CHAR(10)&"第3周："&'10_详细周计划'!G44&CHAR(10)&"第4周："&'10_详细周计划'!G45&CHAR(10)&"第5周："&'10_详细周计划'!G46 | G13: ="第1周："&'10_详细周计划'!H42&CHAR(10)&"第2周："&'10_详细周计划'!H43&CHAR(10)&"第3周："&'10_详细周计划'!H44&CHAR(10)&"第4周："&'10_详细周计划'!H45&CHAR(10)&"第5周："&'10_详细周计划'!H46 | H13: ="共"&5&"周；日均"&ROUND(AVERAGE('10_详细周计划'!I42:I46),1)&"h；周总有效学习约"&ROUND(SUM('10_详细周计划'!I42:I46)*7,0)&"h"
A14: 2027-06 | B14: ="第1周："&'10_详细周计划'!C47&CHAR(10)&"第2周："&'10_详细周计划'!C48&CHAR(10)&"第3周："&'10_详细周计划'!C49&CHAR(10)&"第4周："&'10_详细周计划'!C50 | C14: ="第1周："&'10_详细周计划'!D47&CHAR(10)&"第2周："&'10_详细周计划'!D48&CHAR(10)&"第3周："&'10_详细周计划'!D49&CHAR(10)&"第4周："&'10_详细周计划'!D50 | D14: ="第1周："&'10_详细周计划'!E47&CHAR(10)&"第2周："&'10_详细周计划'!E48&CHAR(10)&"第3周："&'10_详细周计划'!E49&CHAR(10)&"第4周："&'10_详细周计划'!E50 | E14: ="第1周："&'10_详细周计划'!F47&CHAR(10)&"第2周："&'10_详细周计划'!F48&CHAR(10)&"第3周："&'10_详细周计划'!F49&CHAR(10)&"第4周："&'10_详细周计划'!F50 | F14: ="第1周："&'10_详细周计划'!G47&CHAR(10)&"第2周："&'10_详细周计划'!G48&CHAR(10)&"第3周："&'10_详细周计划'!G49&CHAR(10)&"第4周："&'10_详细周计划'!G50 | G14: ="第1周："&'10_详细周计划'!H47&CHAR(10)&"第2周："&'10_详细周计划'!H48&CHAR(10)&"第3周："&'10_详细周计划'!H49&CHAR(10)&"第4周："&'10_详细周计划'!H50 | H14: ="共"&4&"周；日均"&ROUND(AVERAGE('10_详细周计划'!I47:I50),1)&"h；周总有效学习约"&ROUND(SUM('10_详细周计划'!I47:I50)*7,0)&"h"
A15: 2027-07 | B15: ="第1周："&'10_详细周计划'!C51&CHAR(10)&"第2周："&'10_详细周计划'!C52&CHAR(10)&"第3周："&'10_详细周计划'!C53&CHAR(10)&"第4周："&'10_详细周计划'!C54 | C15: ="第1周："&'10_详细周计划'!D51&CHAR(10)&"第2周："&'10_详细周计划'!D52&CHAR(10)&"第3周："&'10_详细周计划'!D53&CHAR(10)&"第4周："&'10_详细周计划'!D54 | D15: ="第1周："&'10_详细周计划'!E51&CHAR(10)&"第2周："&'10_详细周计划'!E52&CHAR(10)&"第3周："&'10_详细周计划'!E53&CHAR(10)&"第4周："&'10_详细周计划'!E54 | E15: ="第1周："&'10_详细周计划'!F51&CHAR(10)&"第2周："&'10_详细周计划'!F52&CHAR(10)&"第3周："&'10_详细周计划'!F53&CHAR(10)&"第4周："&'10_详细周计划'!F54 | F15: ="第1周："&'10_详细周计划'!G51&CHAR(10)&"第2周："&'10_详细周计划'!G52&CHAR(10)&"第3周："&'10_详细周计划'!G53&CHAR(10)&"第4周："&'10_详细周计划'!G54 | G15: ="第1周："&'10_详细周计划'!H51&CHAR(10)&"第2周："&'10_详细周计划'!H52&CHAR(10)&"第3周："&'10_详细周计划'!H53&CHAR(10)&"第4周："&'10_详细周计划'!H54 | H15: ="共"&4&"周；日均"&ROUND(AVERAGE('10_详细周计划'!I51:I54),1)&"h；周总有效学习约"&ROUND(SUM('10_详细周计划'!I51:I54)*7,0)&"h"
A16: 2027-08 | B16: ="第1周："&'10_详细周计划'!C55&CHAR(10)&"第2周："&'10_详细周计划'!C56&CHAR(10)&"第3周："&'10_详细周计划'!C57&CHAR(10)&"第4周："&'10_详细周计划'!C58&CHAR(10)&"第5周："&'10_详细周计划'!C59 | C16: ="第1周："&'10_详细周计划'!D55&CHAR(10)&"第2周："&'10_详细周计划'!D56&CHAR(10)&"第3周："&'10_详细周计划'!D57&CHAR(10)&"第4周："&'10_详细周计划'!D58&CHAR(10)&"第5周："&'10_详细周计划'!D59 | D16: ="第1周："&'10_详细周计划'!E55&CHAR(10)&"第2周："&'10_详细周计划'!E56&CHAR(10)&"第3周："&'10_详细周计划'!E57&CHAR(10)&"第4周："&'10_详细周计划'!E58&CHAR(10)&"第5周："&'10_详细周计划'!E59 | E16: ="第1周："&'10_详细周计划'!F55&CHAR(10)&"第2周："&'10_详细周计划'!F56&CHAR(10)&"第3周："&'10_详细周计划'!F57&CHAR(10)&"第4周："&'10_详细周计划'!F58&CHAR(10)&"第5周："&'10_详细周计划'!F59 | F16: ="第1周："&'10_详细周计划'!G55&CHAR(10)&"第2周："&'10_详细周计划'!G56&CHAR(10)&"第3周："&'10_详细周计划'!G57&CHAR(10)&"第4周："&'10_详细周计划'!G58&CHAR(10)&"第5周："&'10_详细周计划'!G59 | G16: ="第1周："&'10_详细周计划'!H55&CHAR(10)&"第2周："&'10_详细周计划'!H56&CHAR(10)&"第3周："&'10_详细周计划'!H57&CHAR(10)&"第4周："&'10_详细周计划'!H58&CHAR(10)&"第5周："&'10_详细周计划'!H59 | H16: ="共"&5&"周；日均"&ROUND(AVERAGE('10_详细周计划'!I55:I59),1)&"h；周总有效学习约"&ROUND(SUM('10_详细周计划'!I55:I59)*7,0)&"h"
A17: 2027-09 | B17: ="第1周："&'10_详细周计划'!C60&CHAR(10)&"第2周："&'10_详细周计划'!C61&CHAR(10)&"第3周："&'10_详细周计划'!C62&CHAR(10)&"第4周："&'10_详细周计划'!C63 | C17: ="第1周："&'10_详细周计划'!D60&CHAR(10)&"第2周："&'10_详细周计划'!D61&CHAR(10)&"第3周："&'10_详细周计划'!D62&CHAR(10)&"第4周："&'10_详细周计划'!D63 | D17: ="第1周："&'10_详细周计划'!E60&CHAR(10)&"第2周："&'10_详细周计划'!E61&CHAR(10)&"第3周："&'10_详细周计划'!E62&CHAR(10)&"第4周："&'10_详细周计划'!E63 | E17: ="第1周："&'10_详细周计划'!F60&CHAR(10)&"第2周："&'10_详细周计划'!F61&CHAR(10)&"第3周："&'10_详细周计划'!F62&CHAR(10)&"第4周："&'10_详细周计划'!F63 | F17: ="第1周："&'10_详细周计划'!G60&CHAR(10)&"第2周："&'10_详细周计划'!G61&CHAR(10)&"第3周："&'10_详细周计划'!G62&CHAR(10)&"第4周："&'10_详细周计划'!G63 | G17: ="第1周："&'10_详细周计划'!H60&CHAR(10)&"第2周："&'10_详细周计划'!H61&CHAR(10)&"第3周："&'10_详细周计划'!H62&CHAR(10)&"第4周："&'10_详细周计划'!H63 | H17: ="共"&4&"周；日均"&ROUND(AVERAGE('10_详细周计划'!I60:I63),1)&"h；周总有效学习约"&ROUND(SUM('10_详细周计划'!I60:I63)*7,0)&"h"
A18: 2027-10 | B18: ="第1周："&'10_详细周计划'!C64&CHAR(10)&"第2周："&'10_详细周计划'!C65&CHAR(10)&"第3周："&'10_详细周计划'!C66&CHAR(10)&"第4周："&'10_详细周计划'!C67&CHAR(10)&"第5周："&'10_详细周计划'!C68 | C18: ="第1周："&'10_详细周计划'!D64&CHAR(10)&"第2周："&'10_详细周计划'!D65&CHAR(10)&"第3周："&'10_详细周计划'!D66&CHAR(10)&"第4周："&'10_详细周计划'!D67&CHAR(10)&"第5周："&'10_详细周计划'!D68 | D18: ="第1周："&'10_详细周计划'!E64&CHAR(10)&"第2周："&'10_详细周计划'!E65&CHAR(10)&"第3周："&'10_详细周计划'!E66&CHAR(10)&"第4周："&'10_详细周计划'!E67&CHAR(10)&"第5周："&'10_详细周计划'!E68 | E18: ="第1周："&'10_详细周计划'!F64&CHAR(10)&"第2周："&'10_详细周计划'!F65&CHAR(10)&"第3周："&'10_详细周计划'!F66&CHAR(10)&"第4周："&'10_详细周计划'!F67&CHAR(10)&"第5周："&'10_详细周计划'!F68 | F18: ="第1周："&'10_详细周计划'!G64&CHAR(10)&"第2周："&'10_详细周计划'!G65&CHAR(10)&"第3周："&'10_详细周计划'!G66&CHAR(10)&"第4周："&'10_详细周计划'!G67&CHAR(10)&"第5周："&'10_详细周计划'!G68 | G18: ="第1周："&'10_详细周计划'!H64&CHAR(10)&"第2周："&'10_详细周计划'!H65&CHAR(10)&"第3周："&'10_详细周计划'!H66&CHAR(10)&"第4周："&'10_详细周计划'!H67&CHAR(10)&"第5周："&'10_详细周计划'!H68 | H18: ="共"&5&"周；日均"&ROUND(AVERAGE('10_详细周计划'!I64:I68),1)&"h；周总有效学习约"&ROUND(SUM('10_详细周计划'!I64:I68)*7,0)&"h"
A19: 2027-11 | B19: ="第1周："&'10_详细周计划'!C69&CHAR(10)&"第2周："&'10_详细周计划'!C70&CHAR(10)&"第3周："&'10_详细周计划'!C71&CHAR(10)&"第4周："&'10_详细周计划'!C72 | C19: ="第1周："&'10_详细周计划'!D69&CHAR(10)&"第2周："&'10_详细周计划'!D70&CHAR(10)&"第3周："&'10_详细周计划'!D71&CHAR(10)&"第4周："&'10_详细周计划'!D72 | D19: ="第1周："&'10_详细周计划'!E69&CHAR(10)&"第2周："&'10_详细周计划'!E70&CHAR(10)&"第3周："&'10_详细周计划'!E71&CHAR(10)&"第4周："&'10_详细周计划'!E72 | E19: ="第1周："&'10_详细周计划'!F69&CHAR(10)&"第2周："&'10_详细周计划'!F70&CHAR(10)&"第3周："&'10_详细周计划'!F71&CHAR(10)&"第4周："&'10_详细周计划'!F72 | F19: ="第1周："&'10_详细周计划'!G69&CHAR(10)&"第2周："&'10_详细周计划'!G70&CHAR(10)&"第3周："&'10_详细周计划'!G71&CHAR(10)&"第4周："&'10_详细周计划'!G72 | G19: ="第1周："&'10_详细周计划'!H69&CHAR(10)&"第2周："&'10_详细周计划'!H70&CHAR(10)&"第3周："&'10_详细周计划'!H71&CHAR(10)&"第4周："&'10_详细周计划'!H72 | H19: ="共"&4&"周；日均"&ROUND(AVERAGE('10_详细周计划'!I69:I72),1)&"h；周总有效学习约"&ROUND(SUM('10_详细周计划'!I69:I72)*7,0)&"h"
A20: 2027-12 | B20: ="第1周："&'10_详细周计划'!C73&CHAR(10)&"第2周："&'10_详细周计划'!C74&CHAR(10)&"第3周："&'10_详细周计划'!C75 | C20: ="第1周："&'10_详细周计划'!D73&CHAR(10)&"第2周："&'10_详细周计划'!D74&CHAR(10)&"第3周："&'10_详细周计划'!D75 | D20: ="第1周："&'10_详细周计划'!E73&CHAR(10)&"第2周："&'10_详细周计划'!E74&CHAR(10)&"第3周："&'10_详细周计划'!E75 | E20: ="第1周："&'10_详细周计划'!F73&CHAR(10)&"第2周："&'10_详细周计划'!F74&CHAR(10)&"第3周："&'10_详细周计划'!F75 | F20: ="第1周："&'10_详细周计划'!G73&CHAR(10)&"第2周："&'10_详细周计划'!G74&CHAR(10)&"第3周："&'10_详细周计划'!G75 | G20: ="第1周："&'10_详细周计划'!H73&CHAR(10)&"第2周："&'10_详细周计划'!H74&CHAR(10)&"第3周："&'10_详细周计划'!H75 | H20: ="共"&3&"周；日均"&ROUND(AVERAGE('10_详细周计划'!I73:I75),1)&"h；周总有效学习约"&ROUND(SUM('10_详细周计划'!I73:I75)*7,0)&"h"

Sheet 00_原始大纲归档
A1: 00｜原始大纲归档（原文，不改动）
A2: 本页只存你发来的最新规划大纲原文，作为底稿与追溯依据。
A4: 字段 | B4: 内容
A5: 原始大纲 | B5: **高数基础：** **10月前 零基础讲义全部 核心计算讲义全部完成** **教材张宇30讲习题（2，6，11可以先不看）1000a 可以不用开强化课，1000a要看正确率50%以上就继续，达不到就只做讲义的题，每天至少做十道错的题，不用错题本，标注就行** **（强化理论上可以只二刷30讲全部和1000a）。** **2027.3月前** **线代基础和强化【一个月】：（学习期间与高数时间分配5:1） 基础张宇30讲（不额外做题）。 强化880基础篇（搭配没咋了网课）。同时期高数目标（1，二刷30讲，2二刷1000a错题 3，开高数新题660）** 2027.4月前 **高数二次强化【一个月】 张宇强化36讲 习题1000b（ep大雪深埋网课，查漏补缺）1000b做完开高数880（同期线代二刷没咋了线代强化讲义+880综合篇 有余力1000ab（线代）或者李艳芳900）（一刷1000a正确率60以上，可以用a4大法开始【看完讲义，开始默写框架，铅笔，漏的错的用黑笔，红笔不全，一讲30分钟】A4 2.0抄写题型二级结论，易错点，（用活页夹或者圆环固定** **2027.7月前** **概率论基础和强化【一个月】 听课张宇** **9讲 强化（880基础篇）** **2027.8月前** **真题模拟卷阶段：两天一张 复盘07年纸质套卷开始，第一天限时完成 错误的题上真题网看解析，并加入错题本，导出pdf，或看郭伟老师喻老解析，然后看耐刷王资料，欧几里得看解析（秘密哥）** **第二天 错的题型回归讲义和习题册，或推进新题，做专题等等** **模拟卷要等真题20-26均分有135，可以开始真模替换，** **合工大 李艳芳。。。。 真题和模拟卷轮流刷 同时做完880剩余内容 大雪深埋网课 查漏补缺。 2027.12月** **英语** 开始就背单词每天50-100，三轮以上，必须完成单词复习任务 不背单词，第二轮开始每天去公众号【考研英语外刊阅读】，不认识的词要提前查，主要目的是练习翻译长难句 mmg考研英语作文占位27年初 **4月前 背单词（马天艺单词之间锐记单词（monkey））** **买牛皮纸真题册要买两份（要二刷）** 4月到六月中 开始做英二精翻【教材：逐字逐句精翻手册或者扇贝考研】精翻内容（10-27年英二真题共72篇） **6月中到9月 英一阅读真题（10-27年，留20 21 22的真题做最后的模拟，剩余60篇，** **结束后开三小门：完形（易熙人老师网课，刷题）翻译：精翻加练习（柴荣老师） 新题型（刘琦老师方法论约2h）** **9月1日 秘密哥作文模板（8月就可以开始背了，要默写，顺便练字）。用扇贝考研进行修改作文，可以开三个月vip作文准备顺序（先看图画类第一段，再看静态和动态，然后看品质类第二段，再看经济类第二段，最后看正面第三段）（3月就可以占位了）** **10月二刷 三刷 真题套卷+背单词 模拟卷** **12月1日 16年真题** **12月6日 17年真题** **12月13日18年真题** **政治** **9月到10月 徐涛强化课（只听马原加史纲）【教材：徐涛，考研政治核心考察】+720刷题每天30min 线上刷题（mmg那里买） 9月后晚上听。 （大李子老师 学练闭环）** **10月到肖八出来前，：南山小程序模拟题** **11月肖8选择题** **12月肖4 大题加选择 （b站大牙/帕拉迪宇抄材料教程）考前一个月背主观题** 中午吃完饭回来，下午先刷30分钟 ，回宿舍路上刷一会 ，早上去图书馆路上刷一会（一日三刷，总计1h） **专业课822** **主旨：快速多轮，结论 题型** 3月可以淘宝芝麻研行 **4月中前结束一轮基础课加讲义加错题** **6月前结束二轮基础：讲义加错题** **基础强化过渡阶段（6-7） 补本习题册** **7月开始专题强化（芝麻研行）** **9月前1轮强化：强化一遍课本两遍240习题册** **【开真题前，可以先扫描一份】** **10月前2轮强化真题1-2 100习题册（可以做做其他学校的题）** **12月前大套卷 真题 冲刺卷** **其他任务** **打草稿** 练习一张纸打草稿，有思路，要规整，不要跳步骤（节奏！！！），一块一块写 写完草稿就检查15-40s（一道题做两遍） 考试的时候可以再带一只红色的笔（做完全卷，重新检查计算量部分和第一遍不确定部分，用红笔重算）做完卷子就扫描保存好 检查机制 **每日复盘整理** 关注正确率，以及错误原因等等 买一些真的答题卡，进行练习 批改卷子的时候，也要扣考点练习 平时不要跳步骤 模拟的时候，时间也要对应 **错题整理** 好题可以扫描下来存档 注意分类 练习题册的标记规范：圆圈：不会 方框：计算错误 五角星：好题 三角形：知识点遗漏 **A4大法** **练字：英语衡水体，政治** 字体。先练笔画，可以看要领视频，白纸写，再对应字练习，再写一句话 排版 **雅思（26年11月中）** 刷题网站：[ieltscat.xdf.cn](http://ieltscat.xdf.cn) 语法工具：grammarly，ieltswriteright，quillbot句式分析 听力阅读方法论：sun 口语写作：写作：lexi学姐 口语：莱斯利 目标7.0 听力 阅读 口语 写作 总分 题数 33-34 33-34 分数 7.5 7.5 6.5 6.5 第一二周：基础词汇积累 （1，听音频后朗读；2，听英文想中文；3，听英文写英文）每天背诵100个，精翻两篇阅读 第三四周：听力阅读方法论学习，作文学习框架，口语准备素材 第五到七周：刷题冲刺 第八周，准备复盘（以上计划可以扩展到十一月，十一月去考）

Sheet 12_使用方法
A1: 12｜规划设计流程：先定边界，再分阶段，再落到月/周/日
A2: 参考共性：月/周/日三级结构、每周量化复盘、资料收口、基础方法优先。不要把计划做成素材堆，计划本身要能执行。
A4: 步骤 | B4: 目的 | C4: 怎么做 | D4: 输出物 | E4: 调整规则 | F4: 对应页 | G4: 风险 | H4: 备注
A5: 1. 锁定边界 | B5: 先把目标和禁区定死 | C5: 只认研招网/学院官网/你这份原始大纲 | D5: 总目标、科目、时间线 | E5: 官方通知更新时立即改计划 | F5: 01 / 00 / 09 | G5: 多头信息 | H5: 不要拿经验贴替代官网
A6: 2. 分阶段 | B6: 每个阶段只抓1条主线 | C6: 按“基础-强化-真题-冲刺”切开 | D6: 阶段导航页 | E6: 阶段切换时再加下一层任务 | F6: 01 | G6: 阶段太碎 | H6: 一页只回答“现在在哪一阶段”
A7: 3. 定月 | B7: 月度只保一个主任务 | C7: 每月写1句总纲，再拆到周 | D7: 月度主线页 | E7: 月中若失真，先删任务，不加内容 | F7: 04 / 11 | G7: 月计划过密 | H7: 月是收口，不是堆叠
A8: 4. 落周 | B8: 把主线变成讲次/题组/输出件 | C8: 每周只盯明确章节、题组、真题年份、作文篇数 | D8: 周阶梯 | E8: 周完成率<70%就降载 | F8: 03 / 10 | G8: 周计划空泛 | H8: 周要能直接开做
A9: 5. 落日 | B9: 把周任务拆到固定作息 | C9: 固定 7:00、23:00、18:30-20:30，再分主攻块 | D9: 日程模板 | E9: 课程/考试冲突时只挪轻任务 | F9: 02 | G9: 日内拖延 | H9: 日内不用再重新设计
A10: 6. 复盘 | B10: 用结果纠偏，不用感觉纠偏 | C10: 看完成率、正确率、错因、欠账 | D10: 周复盘打卡 + 执行规则 | E10: 错因连续出现就回退基础 | F10: 06 / 07 | G10: 只记时长不记结果 | H10: 复盘要量化
A12: 建议：前四页只看“阶段导航 / 日程模板 / 周阶梯 / 月度规划”；详细内容去 10、11、06、07、08、09。原始大纲只用于回看来源，不用于日常执行。
